Customer_ID,Total_Revenue,Total_Quantity,Average_Discount,Cluster
CUS6625,216252.58,43975,0.08350754936120791,0
CUS5213,44451.21,8151,0.0,1
CUS2556,49499.7,7860,0.0,1
CUS5266,41364.22,6986,0.0,1
CUS5067,43033.18,7532,0.0,1
CUS6704,281956.51,48047,0.0833864118895966,2
CUS1516,45293.37,8233,0.0,1
CUS5680,275181.78,47875,0.08342022940563086,2
CUS6725,232471.92,44739,0.08473019517795637,0
CUS1393,219240.88999999998,43045,0.08594117647058823,0
CUS3473,53313.9,7962,0.0,1
CUS7737,236351.73,43031,0.08389221556886227,0
CUS5743,32447.62,6388,0.0,1
CUS6086,41219.98,6633,0.0,1
CUS4598,44344.77,7343,0.0,1
CUS6428,259961.52,45103,0.0832035595105673,2
CUS1521,47157.520000000004,7121,0.0,1
CUS9936,188678.28,37022,0.08253467843631779,0
CUS7344,302860.49,47020,0.08212379935965848,2
CUS8340,51617.33,7650,0.0,1
CUS9905,34757.78,6394,0.0,1
CUS3021,46237.78,7670,0.0,1
CUS5174,39774.46,6732,0.0,1
CUS9535,267961.61,49977,0.08415892672858617,2
CUS5450,248779.7,47719,0.08308823529411766,0
CUS9927,258387.42,43087,0.08574850299401199,0
CUS2765,228725.18,40803,0.08376777251184835,0
CUS8417,32663.6,6510,0.0,1
CUS693,47091.64,7230,0.0,1
CUS8961,40538.81,7618,0.0,1
CUS1287,38352.0,7466,0.0,1
CUS3408,51307.45,7856,0.0,1
CUS5160,46206.0,7216,0.0,1
CUS5452,315962.81,46386,0.08232432432432434,2
CUS8494,37146.340000000004,6178,0.0,1
CUS4000,56142.74,8363,0.0,1
CUS6028,43202.22,6942,0.0,1
CUS1223,45580.6,7734,0.0,1
CUS4574,284297.61,46726,0.08211252653927814,2
CUS6966,46142.3,7194,0.0,1
CUS5991,46563.0,7748,0.0,1
CUS1029,45629.36,7383,0.0,1
CUS8524,37920.77,7452,0.0,1
CUS236,246719.23,44682,0.08411633109619687,0
CUS9384,43749.61,7235,0.0,1
CUS1032,231244.54,41200,0.0841880341880342,0
CUS5335,39986.4,7146,0.0,1
CUS4116,45894.62,7338,0.0,1
CUS2582,43937.23,6954,0.0,1
CUS3071,44154.65,7758,0.0,1
CUS4349,34105.72,6905,0.0,1
CUS8454,238026.99,47170,0.08451511991657977,0
CUS5492,40175.44,7599,0.0,1
CUS8312,42342.59,7642,0.0,1
CUS3727,276256.4,48236,0.08290460878885317,2
CUS8142,39892.41,6888,0.0,1
CUS3733,42437.71,6406,0.0,1
CUS9689,37116.5,6165,0.0,1
CUS3289,46272.82,7267,0.0,1
CUS3330,226496.03,41017,0.08139120095124852,0
CUS2067,40930.840000000004,6784,0.0,1
CUS8168,220527.0,43153,0.08286038592508513,0
CUS6468,42444.38,6904,0.0,1
CUS1094,45938.57,7423,0.0,1
CUS2181,36109.48,7069,0.0,1
CUS8367,45252.1,7755,0.0,1
CUS3476,39225.88,7190,0.0,1
CUS9777,36269.55,7131,0.0,1
CUS6606,45823.31,7402,0.0,1
CUS3587,234409.78,42372,0.08267898383371826,0
CUS579,36810.78,7357,0.0,1
CUS1717,280443.59,49663,0.08449895615866389,2
CUS4210,45715.98,7523,0.0,1
CUS3602,271788.3,46915,0.08376623376623377,2
CUS3632,41368.93,7769,0.0,1
CUS8359,40208.659999999996,7110,0.0,1
CUS1872,228803.72,43816,0.08354143019296255,0
CUS7016,221401.85,42373,0.08466981132075471,0
CUS8716,49098.21,7581,0.0,1
CUS2816,244705.17,45779,0.08233369683751363,0
CUS9147,39984.83,6589,0.0,1
CUS1855,234188.26,46628,0.08419572553430822,0
CUS5821,55231.31,7718,0.0,1
CUS447,293515.92,49857,0.08282828282828283,2
CUS6273,41942.35,7256,0.0,1
CUS3829,47767.92,6803,0.0,1
CUS3973,37857.19,6968,0.0,1
CUS3703,37507.43,6448,0.0,1
CUS91,44849.02,7654,0.0,1
CUS7992,47106.76,7198,0.0,1
CUS7693,310768.84,52794,0.08450980392156864,2
CUS8146,37414.37,7055,0.0,1
CUS9312,242365.88999999998,43269,0.08408018867924529,0
CUS1949,262379.81,52608,0.08287735849056604,2
CUS3837,42350.090000000004,7360,0.0,1
CUS4406,46908.47,7205,0.0,1
CUS9269,207646.44,40317,0.08287671232876712,0
CUS8040,37766.62,6591,0.0,1
CUS7784,47910.07,7098,0.0,1
CUS7506,35787.04,7171,0.0,1
CUS1686,301440.94,47164,0.0853726362625139,2
CUS5515,253619.15,44056,0.08346727898966705,0
CUS5410,38518.1,7906,0.0,1
CUS8282,299761.04,42084,0.08352872215709262,2
CUS7157,50924.33,8419,0.0,1
CUS2947,291735.65,50060,0.0845954356846473,2
CUS2674,290049.68,46637,0.08255069370330843,2
CUS8063,248122.45,46049,0.08351528384279476,0
CUS9209,37564.48,7298,0.0,1
CUS3103,274834.49,45530,0.08445424476295481,2
CUS5973,50063.22,7794,0.0,1
CUS7067,40730.07,6725,0.0,1
CUS4600,237845.54,41133,0.08463414634146342,0
CUS2008,37200.83,7357,0.0,1
CUS8837,38623.53,7738,0.0,1
CUS4642,227083.51,40128,0.08343711083437111,0
CUS7875,44525.65,6749,0.0,1
CUS1687,45909.22,7318,0.0,1
CUS3107,234248.25,42485,0.08365269461077846,0
CUS4662,37579.9,7119,0.0,1
CUS7493,262839.04,42927,0.08511269276393832,2
CUS4793,252140.38999999998,43062,0.08331381733021077,0
CUS8155,42149.57,6457,0.0,1
CUS6371,48038.75,8535,0.0,1
CUS4012,45409.590000000004,8195,0.0,1
CUS5223,39445.02,6884,0.0,1
CUS4057,223623.96,39185,0.08437094682230868,0
CUS4671,46965.24,6869,0.0,1
CUS9232,52914.18,7656,0.0,1
CUS21,260988.56,46059,0.08436147186147186,2
CUS6661,250916.65,46186,0.08614790286975717,0
CUS3808,37785.06,6747,0.0,1
CUS1457,216265.37,41797,0.08307600950118765,0
CUS6212,36468.11,6369,0.0,1
CUS8361,42216.4,6844,0.0,1
CUS9474,230224.66,46104,0.08188803512623491,0
CUS1084,269349.37,44309,0.08440046565774156,2
CUS7010,41915.53,7188,0.0,1
CUS2359,43171.04,7694,0.0,1
CUS8910,234898.66,47430,0.08369098712446352,0
CUS1104,247582.33,45784,0.08721198156682028,0
CUS801,236284.79,42897,0.08200712589073633,0
CUS6864,41849.7,6049,0.0,1
CUS1027,43120.31,7344,0.0,1
CUS8097,43176.75,7389,0.0,1
CUS7145,290123.68,45933,0.08168264110756124,2
CUS5878,40469.93,6501,0.0,1
CUS196,38505.77,7369,0.0,1
CUS221,217627.96,38873,0.08369845360824743,0
CUS5270,41846.21,6750,0.0,1
CUS6402,42241.46,7531,0.0,1
CUS6433,269930.28,44081,0.08522988505747127,2
CUS4433,278396.61,44284,0.08080808080808081,2
CUS860,48067.87,6772,0.0,1
CUS5740,48066.49,7287,0.0,1
CUS7205,41018.93,6853,0.0,1
CUS5777,34513.61,6663,0.0,1
CUS1025,39745.82,7686,0.0,1
CUS6104,248448.85,44425,0.08535754824063564,0
CUS4946,266715.54,43735,0.0820250284414107,2
CUS1023,47534.91,7173,0.0,1
CUS4780,287710.66,49219,0.08492723492723493,2
CUS7755,269375.54,48555,0.08386243386243386,2
CUS166,48244.38,7133,0.0,1
CUS2859,38718.7,7347,0.0,1
CUS1093,221175.95,42951,0.08243087557603686,0
CUS9679,271390.02,46740,0.08375661375661377,2
CUS9002,37098.38,6564,0.0,1
CUS8216,291010.06,48169,0.08463203463203464,2
CUS3006,49251.75,6813,0.0,1
CUS1892,263899.77999999997,46643,0.0823936170212766,2
CUS947,240364.74,41500,0.08063170441001193,0
CUS7350,242073.12,42298,0.08295724465558196,0
CUS7108,48778.14,7487,0.0,1
CUS1321,297796.11,42109,0.0818341121495327,2
CUS1271,43093.46,6938,0.0,1
CUS3362,35508.55,6301,0.0,1
CUS9067,35266.43,7292,0.0,1
CUS506,209543.37,39333,0.08364083640836409,0
CUS6317,254800.56,47218,0.0856430155210643,2
CUS8480,41481.23,7083,0.0,1
CUS3789,33534.26,6534,0.0,1
CUS6130,42178.86,7988,0.0,1
CUS4506,37913.65,7537,0.0,1
CUS5895,52123.85,7491,0.0,1
CUS8135,38863.14,7158,0.0,1
CUS1557,47990.39,7085,0.0,1
CUS751,281912.0,45819,0.08291069459757443,2
CUS3246,48674.53,7651,0.0,1
CUS164,230946.07,43561,0.08455710955710956,0
CUS8561,41660.16,7813,0.0,1
CUS3568,217659.07,48327,0.08446088794926004,0
CUS4840,44030.92,7311,0.0,1
CUS3615,37842.19,6941,0.0,1
CUS8270,33162.85,7065,0.0,1
CUS5062,30709.52,6851,0.0,1
CUS2132,254500.12,45095,0.08416114790286976,0
CUS3842,39653.06,7022,0.0,1
CUS1871,308871.31,49985,0.08279352226720647,2
CUS4519,226779.17,46052,0.08290183387270766,0
CUS5677,40786.6,6992,0.0,1
CUS8960,40781.67,7091,0.0,1
CUS1230,288387.79,47317,0.08284054910242873,2
CUS4409,41965.26,7422,0.0,1
CUS9280,39973.38,7676,0.0,1
CUS1436,41455.65,7172,0.0,1
CUS8114,199271.81,44623,0.08362068965517241,0
CUS1464,43848.7,7221,0.0,1
CUS8506,39142.38,6952,0.0,1
CUS1278,43035.5,7355,0.0,1
CUS3906,48563.53,7126,0.0,1
CUS8137,44850.08,7343,0.0,1
CUS771,37951.62,7686,0.0,1
CUS9803,33995.1,6722,0.0,1
CUS5663,263344.99,41993,0.08237288135593221,2
CUS8267,50591.62,6915,0.0,1
CUS685,169908.9,41779,0.08357228195937874,0
CUS7109,31519.34,6682,0.0,1
CUS7994,48374.22,7795,0.0,1
CUS3461,53387.25,7384,0.0,1
CUS8055,44107.0,8096,0.0,1
CUS6633,45319.92,7633,0.0,1
CUS8383,44490.58,7383,0.0,1
CUS212,35458.13,6578,0.0,1
CUS940,196199.54,41762,0.08341346153846155,0
CUS4773,284556.38,46141,0.08176470588235295,2
CUS8199,32349.87,6063,0.0,1
CUS7638,29823.5,6934,0.0,1
CUS4089,47895.26,7152,0.0,1
CUS5841,39796.96,7825,0.0,1
CUS1860,240310.03,39208,0.08166047087980174,0
CUS1372,42330.7,7110,0.0,1
CUS6165,271736.77,48327,0.08626315789473685,2
CUS7052,32265.11,6285,0.0,1
CUS4941,273980.71,46778,0.08326039387308534,2
CUS5675,46818.83,6939,0.0,1
CUS2,236514.02,46848,0.08390928725701945,0
CUS3417,42508.34,7104,0.0,1
CUS6823,36091.62,6911,0.0,1
CUS8936,39860.659999999996,6721,0.0,1
CUS8024,45606.08,7876,0.0,1
CUS4067,39199.11,7276,0.0,1
CUS107,228397.35,39942,0.08270676691729323,0
CUS515,34294.23,6918,0.0,1
CUS2233,289692.2,43464,0.08246828143021914,2
CUS2356,265918.6,48469,0.08363443145589798,2
CUS6797,224127.31,41339,0.08212530712530713,0
CUS3761,51918.1,7519,0.0,1
CUS3711,38966.83,6211,0.0,1
CUS5338,39366.66,6843,0.0,1
CUS8037,42173.26,7251,0.0,1
CUS1080,54830.13,8129,0.0,1
CUS9477,47051.76,6796,0.0,1
CUS6938,272143.9,47853,0.08571428571428573,2
CUS4997,43470.06,7527,0.0,1
CUS784,44637.08,7520,0.0,1
CUS4449,47985.409999999996,7895,0.0,1
CUS973,235072.16,46324,0.08386363636363636,0
CUS4888,242759.61,43710,0.08427922814982974,0
CUS4051,299420.88,50407,0.08251503006012025,2
CUS5274,41255.9,7447,0.0,1
CUS7503,43954.28,6536,0.0,1
CUS927,37979.31,6574,0.0,1
CUS3121,212102.61,40759,0.08294762484774666,0
CUS203,271618.08,48436,0.08530655391120508,2
CUS6097,192770.61000000002,45051,0.08159609120521173,0
CUS8265,44401.02,6944,0.0,1
CUS5446,231069.8,43998,0.0839041095890411,0
CUS4294,46689.89,7651,0.0,1
CUS2403,47133.54,8055,0.0,1
CUS47,37290.5,6893,0.0,1
CUS9142,255736.67,46268,0.08247535596933186,2
CUS9346,234195.61,43204,0.08458282950423217,0
CUS8682,37605.85,6024,0.0,1
CUS1712,246953.86,45624,0.0835195530726257,0
CUS6266,49599.39,7424,0.0,1
CUS7855,43748.05,7147,0.0,1
CUS2431,50829.06,6964,0.0,1
CUS7674,40164.99,7683,0.0,1
CUS5738,44421.9,7124,0.0,1
CUS743,212100.06,42032,0.08292383292383293,0
CUS1077,38643.84,7279,0.0,1
CUS8823,32490.69,6285,0.0,1
CUS9757,245728.09,48539,0.08384050367261281,0
CUS95,241057.85,42992,0.08210093896713615,0
CUS7076,35174.05,7244,0.0,1
CUS4149,46871.93,6866,0.0,1
CUS3007,286814.02,50728,0.0845201238390093,2
CUS352,41580.71,6731,0.0,1
CUS498,252089.52,45289,0.0853310502283105,0
CUS6094,40776.25,6712,0.0,1
CUS7450,40719.89,7283,0.0,1
CUS8500,45899.52,6738,0.0,1
CUS2930,47049.34,8333,0.0,1
CUS817,45927.78,7345,0.0,1
CUS6894,39773.86,6912,0.0,1
CUS7877,50053.4,7389,0.0,1
CUS6545,289043.84,45852,0.08293084522502744,2
CUS2342,296487.13,47861,0.08571428571428572,2
CUS7924,42248.44,6846,0.0,1
CUS7382,40912.95,7017,0.0,1
CUS2265,236140.25,42430,0.08442424242424243,0
CUS7019,48813.9,7482,0.0,1
CUS4058,46092.31,7937,0.0,1
CUS1095,47811.159999999996,6984,0.0,1
CUS607,54642.75,7000,0.0,1
CUS8631,276025.8,44046,0.08429561200923788,2
CUS6941,272013.54,48844,0.08464360587002097,2
CUS198,226072.23,45029,0.08350754936120791,0
CUS6000,37056.25,7283,0.0,1
CUS9469,45467.01,7603,0.0,1
CUS8326,255950.63,47853,0.08438485804416404,2
CUS8796,47374.46,7297,0.0,1
CUS6934,219445.31,40118,0.08388116308470292,0
CUS1559,46150.48,7349,0.0,1
CUS7181,32405.74,6666,0.0,1
CUS533,261640.83,45220,0.08241455347298787,2
CUS6896,253122.24,45877,0.0839086859688196,0
CUS7775,46500.49,6937,0.0,1
CUS6213,35691.66,6707,0.0,1
CUS7691,41058.7,7004,0.0,1
CUS4794,281054.42,41491,0.08414932680538556,2
CUS6344,278741.02,46584,0.08590308370044053,2
CUS8649,37217.29,6876,0.0,1
CUS6784,43700.86,6932,0.0,1
CUS7141,45317.33,6475,0.0,1
CUS4715,283705.03,45719,0.08478747203579418,2
CUS8019,39252.18,7417,0.0,1
CUS7977,273561.21,48233,0.08314315352697096,2
CUS5247,46169.4,8018,0.0,1
CUS2483,39055.26,6817,0.0,1
CUS4724,269741.85,44754,0.08429203539823009,2
CUS2453,244504.58,41422,0.08469640644361835,0
CUS2824,44753.6,7637,0.0,1
CUS8664,241281.95,38980,0.08305304010349289,0
CUS5115,47504.59,7254,0.0,1
CUS4591,46730.32,7943,0.0,1
CUS7637,259007.24,49268,0.08273748723186926,2
CUS6532,208490.64,45303,0.0824235807860262,0
CUS5415,292355.81,48089,0.0834221748400853,2
CUS5521,231675.22,45662,0.08302094818081587,0
CUS8432,214091.28,43449,0.08217993079584775,0
CUS5256,201965.09,38463,0.08392857142857144,0
CUS7792,242262.35,49223,0.0848314606741573,0
CUS8319,46262.54,8296,0.0,1
CUS2443,186079.43,41581,0.08487654320987655,0
CUS5294,235209.01,46252,0.08440217391304349,0
CUS8297,43292.51,7371,0.0,1
CUS7254,273906.48,46814,0.0832620320855615,2
CUS6401,35203.3,6860,0.0,1
CUS7954,52244.74,7759,0.0,1
CUS4185,254612.89,47310,0.08281733746130031,2
CUS1347,204956.4,43806,0.08190255220417635,0
CUS2612,46626.97,7421,0.0,1
CUS8857,41814.74,6708,0.0,1
CUS5425,39577.25,7035,0.0,1
CUS5982,38912.19,7372,0.0,1
CUS4483,223755.37,41885,0.08300370828182943,0
CUS8980,252544.45,47996,0.08440803382663849,2
CUS3026,46088.39,7424,0.0,1
CUS4069,49147.24,7303,0.0,1
CUS5911,49113.19,7487,0.0,1
CUS5458,40170.23,7334,0.0,1
CUS7655,49129.45,7123,0.0,1
CUS5871,41335.78,6715,0.0,1
CUS7658,268575.79,46279,0.08466819221967964,2
CUS7671,29470.8,6456,0.0,1
CUS9189,268338.58,47415,0.08300209205020921,2
CUS5364,51002.94,7159,0.0,1
CUS2820,43338.79,7678,0.0,1
CUS3351,52384.49,7451,0.0,1
CUS7648,37876.25,6943,0.0,1
CUS3631,50581.27,7287,0.0,1
CUS2006,41688.65,7761,0.0,1
CUS3617,41680.96,7133,0.0,1
CUS833,48437.4,8112,0.0,1
CUS7643,40511.14,6940,0.0,1
CUS4131,41121.49,7529,0.0,1
CUS1713,46901.1,7669,0.0,1
CUS2415,44073.01,6887,0.0,1
CUS6557,40418.909999999996,7038,0.0,1
CUS6638,42660.32,7189,0.0,1
CUS321,32117.98,6269,0.0,1
CUS398,51245.81,8241,0.0,1
CUS2125,39661.95,7430,0.0,1
CUS7149,47868.95,7506,0.0,1
CUS8913,45875.58,7238,0.0,1
CUS4451,45093.79,7859,0.0,1
CUS4957,264430.42,48203,0.08513513513513514,2
CUS4233,50896.18,7007,0.0,1
CUS6958,285453.3,50488,0.08470225872689939,2
CUS8542,51763.83,7795,0.0,1
CUS291,38811.11,6327,0.0,1
CUS3912,266887.69,46594,0.0852972972972973,2
CUS5861,52476.2,7649,0.0,1
CUS6397,241716.5,45661,0.08152053274139845,0
CUS6342,39294.73,6267,0.0,1
CUS2839,49698.04,7733,0.0,1
CUS2418,52702.76,7546,0.0,1
CUS101,35974.1,6687,0.0,1
CUS3403,45503.11,6842,0.0,1
CUS7312,270008.65,45501,0.0820627802690583,2
CUS8847,251715.4,48994,0.08454054054054054,2
CUS8963,35378.55,7123,0.0,1
CUS5329,41968.41,7265,0.0,1
CUS1974,42574.35,7334,0.0,1
CUS5483,44993.39,7272,0.0,1
CUS7438,45504.85,8138,0.0,1
CUS3594,40269.79,7003,0.0,1
CUS1298,34050.63,7078,0.0,1
CUS7482,43939.67,6953,0.0,1
CUS4929,197463.94,45025,0.08397508493771236,0
CUS377,220517.11,45141,0.08294183445190158,0
CUS7481,42343.68,6931,0.0,1
CUS9917,240628.42,42044,0.08389830508474576,0
CUS8977,44853.87,7565,0.0,1
CUS1234,48241.24,7824,0.0,1
CUS4901,266058.29,46007,0.08382352941176471,2
CUS9003,40055.36,6473,0.0,1
CUS8600,33631.28,6662,0.0,1
CUS6310,43632.11,6814,0.0,1
CUS2346,254976.95,43852,0.08327546296296297,0
CUS477,47651.33,7747,0.0,1
CUS7735,38334.29,7649,0.0,1
CUS9678,38435.62,7186,0.0,1
CUS8478,271070.32,46483,0.0839247311827957,2
CUS783,267692.27999999997,46898,0.08331509846827134,2
CUS1448,40939.15,7572,0.0,1
CUS9238,231016.21,43613,0.0856356968215159,0
CUS9471,33578.22,6355,0.0,1
CUS3784,45254.37,7332,0.0,1
CUS5166,215548.78,41518,0.08447432762836186,0
CUS1328,35025.06,6484,0.0,1
CUS4650,47481.71,7452,0.0,1
CUS8355,44999.27,6446,0.0,1
CUS5165,41483.35,6965,0.0,1
CUS6461,45123.38,6901,0.0,1
CUS3396,259764.4,46503,0.08396946564885496,2
CUS1921,41738.46,7021,0.0,1
CUS6315,271218.58,46035,0.08195652173913044,2
CUS5543,35151.24,5918,0.0,1
CUS6694,46095.05,7973,0.0,1
CUS9759,184311.3,39501,0.08096446700507615,0
CUS252,44598.99,7475,0.0,1
CUS1603,233171.18,46690,0.08382513661202186,0
CUS6012,44017.48,6815,0.0,1
CUS6188,38616.97,6904,0.0,1
CUS5639,58440.9,7453,0.0,1
CUS1658,39567.46,7125,0.0,1
CUS4171,248191.87,46746,0.08274611398963731,0
CUS1509,53923.6,7905,0.0,1
CUS9267,44890.05,6916,0.0,1
CUS3628,29919.78,6781,0.0,1
CUS8118,44588.04,7563,0.0,1
CUS240,43114.61,7060,0.0,1
CUS1089,50366.49,7762,0.0,1
CUS3704,48231.32,7405,0.0,1
CUS748,285673.54,52085,0.08501498501498503,2
CUS1270,42611.55,7719,0.0,1
CUS1066,38980.98,7029,0.0,1
CUS7077,43523.89,7196,0.0,1
CUS8765,289860.27,47443,0.08167372881355933,2
CUS2085,296580.33,50211,0.08372569089048106,2
CUS7967,49162.2,8283,0.0,1
CUS8391,217005.2,39264,0.0840506329113924,0
CUS9048,34935.92,6622,0.0,1
CUS8570,40625.44,6929,0.0,1
CUS2596,43592.29,7076,0.0,1
CUS4123,42624.95,7773,0.0,1
CUS1432,237934.77000000002,41227,0.08359375,0
CUS2969,35716.16,7531,0.0,1
CUS1309,42806.05,6282,0.0,1
CUS5931,42848.42,6836,0.0,1
CUS8523,38632.34,6875,0.0,1
CUS2322,44753.45,7395,0.0,1
CUS5589,52959.78,7487,0.0,1
CUS7087,243336.82,41550,0.08495085995085996,0
CUS8834,257608.55,42768,0.08304878048780488,0
CUS5434,217787.09,38969,0.08090234857849198,0
CUS6695,50943.54,7409,0.0,1
CUS3346,40742.1,7001,0.0,1
CUS1000,271186.9,44318,0.08274687854710557,2
CUS2990,49938.21,8356,0.0,1
CUS5342,44168.8,7257,0.0,1
CUS1769,43556.99,7497,0.0,1
CUS7278,294470.44,49857,0.08192346424974825,2
CUS6295,238462.74,42485,0.08426829268292683,0
CUS156,44847.11,7794,0.0,1
CUS1259,275257.84,45288,0.08289183222958059,2
CUS2814,47239.74,7437,0.0,1
CUS16,41838.15,7145,0.0,1
CUS9027,245807.85,44432,0.08447867298578199,0
CUS8436,285363.65,46833,0.08291272344900107,2
CUS9725,49081.33,6672,0.0,1
CUS2466,34653.34,8024,0.0,1
CUS5651,42099.71,6653,0.0,1
CUS7483,38590.53,6725,0.0,1
CUS3268,41828.48,7479,0.0,1
CUS2992,39528.4,7100,0.0,1
CUS727,289639.26,45575,0.08151351351351352,2
CUS6845,320134.55,49256,0.08082329317269077,2
CUS6590,276972.82,46577,0.08652762119503946,2
CUS7327,45035.3,7472,0.0,1
CUS7677,221843.91999999998,45597,0.08318435754189944,0
CUS1995,39000.63,7245,0.0,1
CUS1402,259987.91,38508,0.08178851174934726,0
CUS6659,35373.5,7011,0.0,1
CUS9969,254864.47,45243,0.08201357466063348,2
CUS1119,41388.19,6657,0.0,1
CUS2604,266117.01,48033,0.08172377985462098,2
CUS4061,269247.15,48188,0.08553459119496856,2
CUS3613,217394.83,44103,0.08143646408839779,0
CUS8472,279415.66,48141,0.08548212351029252,2
CUS7741,253276.38,47344,0.08289334741288279,2
CUS6489,46659.35,7472,0.0,1
CUS5051,45541.23,7603,0.0,1
CUS5546,50937.01,7637,0.0,1
CUS5683,40755.17,6866,0.0,1
CUS4670,42408.25,7419,0.0,1
CUS7224,44133.11,7289,0.0,1
CUS712,43510.11,7364,0.0,1
CUS5684,41699.35,6729,0.0,1
CUS1477,45905.63,7809,0.0,1
CUS5345,40564.77,7032,0.0,1
CUS4632,218284.91,44207,0.08333333333333333,0
CUS4674,333145.39,45665,0.0840677966101695,2
CUS3882,254294.92,44609,0.08391203703703703,0
CUS7398,303292.71,47071,0.08369683751363141,2
CUS1295,43034.909999999996,7317,0.0,1
CUS546,39100.0,7145,0.0,1
CUS3728,45088.38,6681,0.0,1
CUS7914,38120.32,6940,0.0,1
CUS2435,55146.59,7966,0.0,1
CUS9926,55304.14,7978,0.0,1
CUS4235,41506.12,6771,0.0,1
CUS9132,38618.32,7358,0.0,1
CUS82,244966.48,44272,0.08425507900677201,0
CUS1529,35426.23,6679,0.0,1
CUS1580,220782.43,45865,0.08261111111111112,0
CUS9190,38795.82,6886,0.0,1
CUS8211,41912.53,6801,0.0,1
CUS4392,43582.68,7026,0.0,1
CUS9133,270946.39,46736,0.08474204171240396,2
CUS5572,45324.38,8661,0.0,1
CUS8092,47048.73,7132,0.0,1
CUS9424,250594.09,43873,0.08394495412844037,0
CUS4788,271922.67,44658,0.08316498316498318,2
CUS895,41222.35,6586,0.0,1
CUS8828,43532.37,7138,0.0,1
CUS2613,236701.48,42865,0.08387290167865707,0
CUS3325,246803.5,47740,0.0840958605664488,0
CUS8518,44928.37,6852,0.0,1
CUS3082,266208.94,47534,0.08287596048298573,2
CUS4765,42888.52,7742,0.0,1
CUS8943,240211.30000000002,46794,0.08370967741935485,0
CUS7363,231095.07,43777,0.08531428571428572,0
CUS5709,262565.29,51349,0.08512974051896208,2
CUS8868,236829.66,46426,0.08367346938775509,0
CUS8801,37739.47,6834,0.0,1
CUS529,274506.89,49331,0.08410020449897751,2
CUS9974,242281.2,41652,0.08311611374407583,0
CUS7428,33776.22,6177,0.0,1
CUS362,260688.89,44521,0.08369441277080958,2
CUS9883,38466.55,6616,0.0,1
CUS9902,54307.08,7469,0.0,1
CUS2866,47402.34,7041,0.0,1
CUS4870,40168.65,7034,0.0,1
CUS6238,40603.98,6949,0.0,1
CUS2932,242524.85,41867,0.08437876960193004,0
CUS1127,232725.76,47533,0.08437170010559662,0
CUS5465,32120.55,6554,0.0,1
CUS8341,230281.79,46087,0.08520971302428257,0
CUS9125,37314.4,7851,0.0,1
CUS5296,279539.0,51504,0.08374505928853755,2
CUS9038,46363.84,7625,0.0,1
CUS7973,36266.25,6406,0.0,1
CUS9844,42970.62,6572,0.0,1
CUS9291,40705.87,6896,0.0,1
CUS6452,41059.54,7567,0.0,1
CUS9526,44682.64,6963,0.0,1
CUS6767,254043.75,45868,0.08219567690557451,2
CUS3984,43963.86,7532,0.0,1
CUS7716,50560.6,7253,0.0,1
CUS3753,46235.43,7108,0.0,1
CUS2217,41076.23,7370,0.0,1
CUS5060,42339.5,7106,0.0,1
CUS5953,40134.27,6924,0.0,1
CUS5723,39276.8,7027,0.0,1
CUS5058,35139.57,6901,0.0,1
CUS2555,299359.66,48829,0.08452127659574468,2
CUS2580,43180.26,7238,0.0,1
CUS6984,46485.72,7306,0.0,1
CUS6980,228550.87,43620,0.08383545770567788,0
CUS9873,43335.2,7279,0.0,1
CUS4723,39085.73,7017,0.0,1
CUS9452,247004.64,46896,0.08416216216216217,0
CUS5609,34098.88,6896,0.0,1
CUS1,38904.13,7508,0.0,1
CUS2676,237328.6,44455,0.08231638418079097,0
CUS1487,275835.9,49685,0.0855276907001045,2
CUS1311,48972.81,7648,0.0,1
CUS7213,44564.2,7734,0.0,1
CUS9788,37268.72,6809,0.0,1
CUS3269,229996.97,47778,0.08568353067814856,0
CUS4115,44217.78,7915,0.0,1
CUS1409,36735.99,6836,0.0,1
CUS3719,46470.62,7782,0.0,1
CUS7533,29749.079999999998,7328,0.0,1
CUS9562,40081.42,7392,0.0,1
CUS8083,39706.16,7557,0.0,1
CUS6961,43997.08,7005,0.0,1
CUS3279,36975.77,6616,0.0,1
CUS1115,46473.479999999996,6624,0.0,1
CUS4331,339940.57,54539,0.08293023255813954,2
CUS2232,44843.02,6575,0.0,1
CUS6579,186986.32,42475,0.08310975609756098,0
CUS5369,37182.54,7202,0.0,1
CUS5239,241133.46,45073,0.08279147982062782,0
CUS5989,47029.86,7120,0.0,1
CUS227,45439.95,7026,0.0,1
CUS470,35709.71,7076,0.0,1
CUS1588,47585.17,6878,0.0,1
CUS8321,218242.02,44002,0.08356481481481481,0
CUS4687,36873.12,6927,0.0,1
CUS1530,51944.85,8289,0.0,1
CUS8836,37373.97,6993,0.0,1
CUS3809,246704.76,42725,0.08054587688734031,0
CUS3740,45284.02,7650,0.0,1
CUS4497,36084.29,6693,0.0,1
CUS616,250378.41,48819,0.08375661375661377,2
CUS2964,36020.35,6803,0.0,1
CUS2929,43011.37,6951,0.0,1
CUS7340,215220.37,44593,0.08452243958573073,0
CUS3793,41381.42,6833,0.0,1
CUS9308,45343.31,6335,0.0,1
CUS9185,289682.42,44888,0.0814938684503902,2
CUS3490,38221.74,6988,0.0,1
CUS5698,243197.24,43009,0.08275862068965519,0
CUS6248,46794.02,6218,0.0,1
CUS2557,270857.47,49798,0.0824435318275154,2
CUS1236,234093.3,43835,0.08325688073394497,0
CUS5628,43928.87,6932,0.0,1
CUS8439,42110.4,7457,0.0,1
CUS4541,225817.56,45370,0.08499446290143965,0
CUS1683,231455.31,42362,0.08468309859154931,0
CUS7497,299524.49,46734,0.08262061403508773,2
CUS8594,220901.1,42066,0.08394988066825777,0
CUS393,257946.47,41654,0.08351581508515815,0
CUS4902,38537.87,6963,0.0,1
CUS4924,246344.84,48132,0.08534663865546219,0
CUS1282,266182.31,50676,0.08220255653883973,2
CUS8260,34598.07,7583,0.0,1
CUS2664,39090.6,6803,0.0,1
CUS3233,42462.82,7199,0.0,1
CUS9885,49384.73,7436,0.0,1
CUS9615,40916.14,7602,0.0,1
CUS1969,48857.48,7230,0.0,1
CUS8520,47576.14,7231,0.0,1
CUS7599,43931.53,7054,0.0,1
CUS1962,212518.44,44828,0.08379732739420935,0
CUS1090,46852.94,7465,0.0,1
CUS6171,39189.67,6625,0.0,1
CUS2274,45514.78,6880,0.0,1
CUS2490,37642.08,7340,0.0,1
CUS5754,51155.090000000004,7287,0.0,1
CUS2031,202089.73,39482,0.08237971391417426,0
CUS7433,40091.33,7051,0.0,1
CUS2409,44174.1,7191,0.0,1
CUS1977,246306.16,50227,0.0872651356993737,2
CUS6475,249473.78,49020,0.08314777327935223,2
CUS8805,34978.71,6209,0.0,1
CUS8505,312711.0,44022,0.08429228998849252,2
CUS8028,43979.2,6755,0.0,1
CUS6474,39482.75,6857,0.0,1
CUS8895,42340.24,7111,0.0,1
CUS8880,41052.9,7376,0.0,1
CUS2520,46630.93,7997,0.0,1
CUS5259,293245.76,47668,0.08336886993603412,2
CUS4046,271797.28,49608,0.08450413223140496,2
CUS428,35829.34,6870,0.0,1
CUS2512,47115.42,7795,0.0,1
CUS1004,35256.32,7634,0.0,1
CUS6454,49270.46,7448,0.0,1
CUS6863,292402.71,44318,0.08350168350168351,2
CUS4709,264433.39,43567,0.08418308227114717,2
CUS8855,239064.04,43198,0.0859020310633214,0
CUS6439,46004.2,7775,0.0,1
CUS1508,34732.43,6571,0.0,1
CUS9243,197676.25,43681,0.08362884160756501,0
CUS2620,48642.14,8506,0.0,1
CUS865,233789.25,47785,0.08568329718004339,0
CUS5408,46184.56,7393,0.0,1
CUS2437,46019.52,7473,0.0,1
CUS8136,49007.15,7627,0.0,1
CUS9591,265257.21,48761,0.08401849948612539,2
CUS3539,34805.409999999996,7017,0.0,1
CUS5919,44828.86,7470,0.0,1
CUS4174,39480.43,7623,0.0,1
CUS8813,49640.97,7070,0.0,1
CUS2037,202173.72,45713,0.08422247446083996,0
CUS6891,31551.53,7081,0.0,1
CUS9178,48982.46,7720,0.0,1
CUS7857,268742.38,49860,0.08431163287086446,2
CUS8465,36189.31,6752,0.0,1
CUS5084,38474.23,7365,0.0,1
CUS9219,286150.95,42212,0.08337423312883437,2
CUS6832,42473.23,7324,0.0,1
CUS6241,39862.56,7316,0.0,1
CUS2069,38793.01,7109,0.0,1
CUS7699,56403.68,8092,0.0,1
CUS8667,264318.86,45447,0.08201754385964911,2
CUS1862,47341.32,7573,0.0,1
CUS7707,250712.55,44543,0.08415051311288484,0
CUS103,48218.05,6963,0.0,1
CUS7763,45355.41,7958,0.0,1
CUS7879,246525.18,45145,0.08391647855530475,0
CUS4993,49649.54,7072,0.0,1
CUS6543,40188.12,7412,0.0,1
CUS7969,231002.8,44594,0.08432919954904171,0
CUS9627,46122.12,7329,0.0,1
CUS8305,285610.78,47694,0.08233752620545073,2
CUS7269,46243.0,6464,0.0,1
CUS6144,260854.84,44560,0.08255148741418765,2
CUS1517,45581.71,7313,0.0,1
CUS9849,41004.47,7006,0.0,1
CUS4690,281345.69,47889,0.08324634655532359,2
CUS7880,279716.18,45244,0.08312780269058297,2
CUS4734,39747.05,6971,0.0,1
CUS3815,46852.23,7552,0.0,1
CUS54,36394.090000000004,6907,0.0,1
CUS9977,252342.55,46298,0.08281767955801106,0
CUS7722,48982.96,7775,0.0,1
CUS2648,45727.3,7806,0.0,1
CUS9231,39304.49,7078,0.0,1
CUS540,45059.47,7499,0.0,1
CUS3056,45834.92,6587,0.0,1
CUS2195,44390.65,7089,0.0,1
CUS3492,41641.75,6867,0.0,1
CUS4315,42465.82,7336,0.0,1
CUS8453,232598.76,42398,0.08600723763570567,0
CUS6333,40758.05,6800,0.0,1
CUS1571,50265.22,7582,0.0,1
CUS104,33113.71,6761,0.0,1
CUS334,37062.78,6754,0.0,1
CUS2767,44233.54,7142,0.0,1
CUS295,51725.98,7393,0.0,1
CUS5542,284432.77,49015,0.08398989898989899,2
CUS4,247805.82,42754,0.08586683417085428,0
CUS3715,242049.88,42016,0.08474065138721351,0
CUS8887,38461.37,7602,0.0,1
CUS9257,46781.76,7642,0.0,1
CUS2221,45525.9,7225,0.0,1
CUS6216,43972.62,6710,0.0,1
CUS9459,41916.6,7142,0.0,1
CUS3924,42295.06,6834,0.0,1
CUS6669,56024.04,7800,0.0,1
CUS3023,47751.24,7764,0.0,1
CUS6422,45901.7,7423,0.0,1
CUS2055,41671.09,7525,0.0,1
CUS8918,47875.21,7510,0.0,1
CUS395,44379.47,7282,0.0,1
CUS3674,293019.34,47029,0.0832620320855615,2
CUS4054,34702.9,6955,0.0,1
CUS7243,32313.88,6758,0.0,1
CUS1867,224656.32,42643,0.08397129186602871,0
CUS8715,37479.8,7264,0.0,1
CUS1666,272219.29,45783,0.08413677130044843,2
CUS7761,56281.77,7760,0.0,1
CUS3981,32069.83,6904,0.0,1
CUS5406,42267.97,6795,0.0,1
CUS9404,245082.57,48922,0.08443298969072166,0
CUS5202,44225.62,7975,0.0,1
CUS8755,37227.5,7212,0.0,1
CUS2093,40756.1,7830,0.0,1
CUS4956,42744.44,7012,0.0,1
CUS6470,39980.12,6993,0.0,1
CUS3350,36824.11,7898,0.0,1
CUS3356,37417.68,7268,0.0,1
CUS8841,263010.39,45762,0.08306364617044229,2
CUS7552,35211.15,7105,0.0,1
CUS4039,46435.01,7778,0.0,1
CUS757,45966.69,7802,0.0,1
CUS9870,37803.52,6227,0.0,1
CUS6042,40872.83,6891,0.0,1
CUS9830,257905.83,46787,0.08383297644539614,2
CUS6205,191316.86000000002,41902,0.08462918660287082,0
CUS8665,237942.09,41443,0.08355582524271846,0
CUS7163,42007.92,7161,0.0,1
CUS2362,38545.33,6574,0.0,1
CUS5587,232937.87,44084,0.08237569060773481,0
CUS7871,48298.94,7231,0.0,1
CUS9175,38042.07,7111,0.0,1
CUS8219,41298.95,7056,0.0,1
CUS3150,50248.75,7960,0.0,1
CUS1525,230050.0,47159,0.08505376344086023,0
CUS4165,42602.64,7557,0.0,1
CUS7887,295483.88,50750,0.08189568706118355,2
CUS905,37426.26,6998,0.0,1
CUS1763,34713.28,6398,0.0,1
CUS13,292722.04,48328,0.0839340885684861,2
CUS697,43477.48,7366,0.0,1
CUS9073,265632.3,42423,0.08321759259259259,2
CUS7742,282686.73,49888,0.08433922996878251,2
CUS358,201880.43,45256,0.08435374149659865,0
CUS5383,274405.72,44084,0.08146399055489964,2
CUS4193,42057.63,6849,0.0,1
CUS4456,237645.06,43271,0.08449477351916376,0
CUS7534,248089.54,41392,0.0826721120186698,0
CUS624,257486.3,48208,0.08488008342022942,2
CUS1018,47592.59,7783,0.0,1
CUS2305,35459.18,7296,0.0,1
CUS2513,48311.590000000004,6912,0.0,1
CUS3077,42608.68,6717,0.0,1
CUS9155,49641.76,7723,0.0,1
CUS9464,42141.75,7894,0.0,1
CUS1340,34556.18,5781,0.0,1
CUS6230,38663.07,6751,0.0,1
CUS5994,279452.08,42381,0.08356009070294784,2
CUS9376,38126.13,6852,0.0,1
CUS2454,40337.49,7266,0.0,1
CUS1708,42577.89,7373,0.0,1
CUS6383,46589.95,7817,0.0,1
CUS8803,246901.49,44700,0.08254237288135594,0
CUS5025,269416.94,49532,0.08368902439024391,2
CUS6043,53292.33,7322,0.0,1
CUS938,44686.21,6951,0.0,1
CUS6081,48098.57,8388,0.0,1
CUS6593,49195.11,6723,0.0,1
CUS3055,265368.18,45583,0.08375831485587583,2
CUS9993,48866.45,7060,0.0,1
CUS7819,233464.49,43730,0.08413631022326676,0
CUS2062,43851.12,7615,0.0,1
CUS64,45124.17,6480,0.0,1
CUS558,50905.61,7702,0.0,1
CUS3262,40316.85,6829,0.0,1
CUS4708,311471.22,49545,0.08593582887700536,2
CUS5968,289685.22,49625,0.08301411290322581,2
CUS6062,35925.48,6620,0.0,1
CUS8522,260559.43,42109,0.0835144927536232,0
CUS6283,43351.19,7007,0.0,1
CUS875,237388.32,46793,0.0837704918032787,0
CUS7953,42383.83,6910,0.0,1
CUS637,275024.33,50990,0.08328387734915925,2
CUS206,38645.49,6776,0.0,1
CUS8885,264689.81,44564,0.08205417607223477,2
CUS841,36203.840000000004,7091,0.0,1
CUS3534,316117.56,44628,0.08337028824833703,2
CUS9967,38260.77,6781,0.0,1
CUS8831,43049.35,6770,0.0,1
CUS6946,43305.270000000004,7302,0.0,1
CUS3536,39115.37,7558,0.0,1
CUS7780,219083.79,44873,0.08428571428571428,0
CUS3031,247642.51,42778,0.08233918128654971,0
CUS3012,41257.95,6772,0.0,1
CUS6417,42680.07,7693,0.0,1
CUS1701,278628.29,46801,0.08487991266375546,2
CUS1837,263880.06,46251,0.08309549945115258,2
CUS6580,288833.36,51105,0.08407297830374753,2
CUS3169,46932.78,7466,0.0,1
CUS7296,50345.92,7917,0.0,1
CUS9201,306456.36,52026,0.08391783567134269,2
CUS2038,45679.86,7584,0.0,1
CUS8295,34332.92,6721,0.0,1
CUS6222,39603.53,7608,0.0,1
CUS539,45487.98,7393,0.0,1
CUS3977,272839.23,47863,0.08241415192507805,2
CUS9063,44659.67,7256,0.0,1
CUS253,274192.64,47889,0.08241525423728813,2
CUS3240,46470.61,7852,0.0,1
CUS4333,43309.8,6798,0.0,1
CUS8447,43703.9,7383,0.0,1
CUS1255,50467.77,7694,0.0,1
CUS2445,42048.88,6960,0.0,1
CUS6967,46993.37,7252,0.0,1
CUS8449,40929.09,7688,0.0,1
CUS7582,261782.18,42222,0.08502415458937199,2
CUS3024,40259.24,7613,0.0,1
CUS7672,37165.83,6855,0.0,1
CUS8527,39172.12,7354,0.0,1
CUS270,42232.28,6679,0.0,1
CUS5554,285786.02,47357,0.0810454065469905,2
CUS6506,243562.49,46500,0.08535353535353535,0
CUS1504,280045.51,48085,0.08221052631578948,2
CUS126,38980.58,7235,0.0,1
CUS5242,288176.97000000003,46400,0.08458942632170979,2
CUS7936,241957.62,41689,0.08179122182680902,0
CUS6712,45934.22,7453,0.0,1
CUS115,257414.84,45718,0.08327625570776256,2
CUS1238,275780.8,48867,0.0820499479708637,2
CUS5172,43849.42,6843,0.0,1
CUS7368,38721.32,6428,0.0,1
CUS4017,42861.09,7595,0.0,1
CUS845,46235.79,6927,0.0,1
CUS1281,42291.82,6962,0.0,1
CUS7053,43143.11,7052,0.0,1
CUS9544,43637.2,7684,0.0,1
CUS4659,240722.24,44747,0.08286199095022624,0
CUS1218,40280.12,6281,0.0,1
CUS1224,42970.2,7100,0.0,1
CUS1999,246122.88999999998,46015,0.08565848214285714,0
CUS5319,285461.6,43269,0.08249138920780713,2
CUS254,320046.64,52271,0.08417408506429279,2
CUS1042,325488.62,46975,0.08349256900212315,2
CUS265,42719.0,6506,0.0,1
CUS8104,36303.3,6802,0.0,1
CUS4042,52656.47,7301,0.0,1
CUS6768,44684.36,6858,0.0,1
CUS4880,253973.26,43273,0.08362369337979095,0
CUS1783,49820.14,7346,0.0,1
CUS2126,239661.24,41219,0.0847001223990208,0
CUS8992,47454.06,7506,0.0,1
CUS6264,36307.6,6448,0.0,1
CUS613,43435.93,7154,0.0,1
CUS8291,36714.56,6984,0.0,1
CUS2887,40859.42,7009,0.0,1
CUS5613,288108.36,46160,0.0842809364548495,2
CUS1220,37362.73,6508,0.0,1
CUS6903,36660.87,7510,0.0,1
CUS2202,271739.56,43896,0.08200224971878516,2
CUS7313,44427.2,7510,0.0,1
CUS2898,43834.42,6569,0.0,1
CUS241,242448.12,45108,0.08364849833147943,0
CUS2551,216955.39,44101,0.081,0
CUS8544,219999.33,44938,0.0824022346368715,0
CUS7244,235855.05,44115,0.08335253456221199,0
CUS4954,45424.68,6600,0.0,1
CUS3176,43999.76,7054,0.0,1
CUS3739,205622.18,42312,0.0844932844932845,0
CUS5951,44116.89,7648,0.0,1
CUS4330,227022.53,46176,0.0825657894736842,0
CUS8370,37162.9,6745,0.0,1
CUS5797,42685.84,7655,0.0,1
CUS9826,238896.53,43566,0.08420454545454546,0
CUS140,39859.3,6555,0.0,1
CUS8102,50967.86,7680,0.0,1
CUS8854,45135.58,7663,0.0,1
CUS8043,38886.36,6656,0.0,1
CUS259,247952.32,45053,0.08291855203619909,0
CUS7125,267290.68,41845,0.08279376498800958,2
CUS5231,50849.68,7315,0.0,1
CUS4480,44038.49,6854,0.0,1
CUS2488,270944.65,45257,0.08097534833869238,2
CUS3867,236750.53,45726,0.08435754189944134,0
CUS1612,175325.32,39381,0.0845953002610966,0
CUS4751,34385.41,7346,0.0,1
CUS5027,45657.83,7064,0.0,1
CUS1412,44098.03,7413,0.0,1
CUS6186,282603.6,48172,0.0820630081300813,2
CUS7769,43944.39,7668,0.0,1
CUS505,32786.34,6999,0.0,1
CUS9737,40014.18,7473,0.0,1
CUS1284,43129.89,6095,0.0,1
CUS2028,40376.95,7393,0.0,1
CUS5583,277710.06,44530,0.0848729792147806,2
CUS2251,42955.65,7293,0.0,1
CUS696,255843.31,43372,0.08257661748013621,0
CUS2349,39734.38,6962,0.0,1
CUS6766,246182.37,46985,0.0851468988030468,0
CUS1336,279540.34,45836,0.0855005753739931,2
CUS1367,42679.25,6610,0.0,1
CUS2492,49412.56,7898,0.0,1
CUS3834,41329.28,7541,0.0,1
CUS2459,272879.12,46007,0.08367003367003367,2
CUS6046,33587.8,6761,0.0,1
CUS8678,47373.76,7638,0.0,1
CUS622,42343.22,6961,0.0,1
CUS5774,240816.51,45275,0.08457683741648107,0
CUS7376,46872.409999999996,7085,0.0,1
CUS9005,49062.9,7242,0.0,1
CUS7738,35222.29,6595,0.0,1
CUS9652,49459.33,7863,0.0,1
CUS9294,41004.07,7293,0.0,1
CUS2502,41280.7,6946,0.0,1
CUS312,252640.5,45135,0.08275669642857143,0
CUS8619,38933.75,6482,0.0,1
CUS1244,43153.590000000004,6715,0.0,1
CUS3223,39412.28,7007,0.0,1
CUS5939,244387.37,45928,0.08331491712707183,0
CUS5292,39822.7,7052,0.0,1
CUS2895,37641.29,6741,0.0,1
CUS7749,42821.03,7261,0.0,1
CUS4971,49794.020000000004,8145,0.0,1
CUS8322,43600.01,7539,0.0,1
CUS8793,43127.69,7637,0.0,1
CUS8413,42152.22,7358,0.0,1
CUS3173,196249.03,40949,0.08212121212121212,0
CUS8893,235980.8,43891,0.08116591928251121,0
CUS301,46226.53,7231,0.0,1
CUS4389,268702.86,43818,0.08261851015801355,2
CUS9810,46732.51,7829,0.0,1
CUS999,197835.33,46816,0.08442350332594235,0
CUS9968,250853.79,43219,0.08486612339930152,0
CUS759,272127.68,45556,0.0845505617977528,2
CUS2242,231836.96,42658,0.08462940461725396,0
CUS379,37571.96,7365,0.0,1
CUS4527,257722.93,43356,0.08315972222222223,0
CUS7014,40355.42,7779,0.0,1
CUS3873,175142.12,45525,0.08333333333333333,0
CUS2745,265175.69,46492,0.08294956140350877,2
CUS7940,280008.02,45555,0.08267270668176671,2
